Roll rate (r/s),Pitch rate (r/s),Yaw rate (r/s)
0,4.80E-04,-1.04E-07
0,0.0013153,-8.40E-08
0,0.0028302,1.60E-07
0,0.0056939,7.16E-07
0,0.011081,-1.01E-06
0,0.017985,1.68E-06
0,0.024871,2.36E-06
0,0.030407,-3.67E-06
0,-0.032468,-5.73E-05
0,-0.028749,-4.00E-06
0,-0.018616,9.82E-07
8.19E-09,-0.0062889,6.79E-06
1.09E-08,0.0049115,1.39E-05
1.88E-08,0.014998,2.21E-05
6.70E-09,0.021771,1.47E-04
5.67E-09,-0.018757,2.79E-05
0,-0.0076555,2.28E-05
-5.75E-09,0.0046881,2.62E-05
-1.22E-08,0.013997,3.45E-05
-1.56E-08,-0.017418,7.69E-05
-1.93E-08,-0.0082721,4.48E-05
-1.78E-08,0.0037293,1.10E-04
-1.15E-08,0.012645,3.00E-04
0,-0.011414,2.52E-04
4.41E-08,-3.44E-04,1.05E-04
5.60E-08,0.0096761,8.02E-05
4.91E-08,-0.010183,1.04E-04
-7.99E-09,0.0022323,1.05E-04
-1.22E-08,0.0079974,0.0024575
2.26E-08,-0.0033752,1.55E-04
-2.50E-08,0.0067263,1.89E-04
-1.25E-08,-0.0083767,2.71E-04
-5.56E-08,0.0013887,9.45E-05
-8.12E-08,-0.0068032,0.0011811
-3.81E-08,-0.0011816,6.18E-05
-5.65E-08,0.0064505,1.57E-04
-6.07E-08,-0.0046473,7.61E-05
-9.04E-08,0.004293,-2.02E-05
-9.54E-08,-0.0063321,1.23E-05
-1.37E-08,0.0018702,-6.31E-05
-6.28E-09,0.0077488,-4.09E-04
1.59E-08,-0.004211,-1.18E-06
3.11E-08,0.0020655,3.13E-05
5.87E-08,0.0047565,3.14E-04
6.82E-08,-0.0018077,7.61E-06
8.04E-08,0.0029614,2.66E-05
8.98E-08,-0.0041061,2.63E-04
8.76E-08,-0.0033362,1.39E-04
,,
9.57E-08,-6.17E-04,6.19E-05
1.07E-07,0.0021177,3.70E-04
1.07E-07,1.43E-04,1.03E-04
1.02E-07,0.0034913,3.03E-04
1.04E-07,-0.0037763,9.68E-04
1.14E-07,-0.0018663,1.17E-04
1.23E-07,0.002019,1.27E-04
1.28E-07,0.005287,2.02E-04
1.32E-07,-0.0036622,8.91E-05
9.68E-08,0.0029515,1.07E-04
7.81E-08,0.0077558,4.63E-04
9.02E-08,-0.0047621,1.00E-04
1.13E-07,0.0016188,8.61E-05
1.09E-07,0.0052385,1.63E-04
1.08E-07,-0.0044161,6.16E-05
1.02E-07,0.0012603,-1.69E-05
1.11E-07,0.0073556,-1.62E-06
1.15E-07,-0.0086107,-9.75E-06
1.03E-07,-0.0050775,2.43E-05
1.03E-07,6.90E-04,2.66E-05
1.14E-07,0.0061376,1.42E-05
1.13E-07,-0.0069728,1.88E-05
1.11E-07,-0.003233,7.33E-06
1.13E-07,0.0016242,3.32E-05
1.13E-07,0.0068206,-6.81E-06
1.13E-07,0.010886,-1.66E-04
1.09E-07,-0.010139,-9.90E-05
1.13E-07,-0.004161,-6.19E-05
1.01E-07,0.0045019,-6.91E-05
1.10E-07,0.010091,-2.02E-04
1.09E-07,-0.0083773,-8.44E-05
1.05E-07,-0.0034491,-5.14E-05
9.41E-08,5.45E-04,-3.36E-05
9.90E-08,0.0033986,-5.06E-05
1.00E-07,0.0023518,-0.0038369
1.00E-07,-0.0031925,-3.74E-05
9.19E-08,9.12E-04,-3.62E-05
9.26E-08,0.0057522,-1.94E-05
9.13E-08,0.0077946,-4.57E-04
9.14E-08,-0.0058799,-4.87E-05
8.64E-08,-0.0015351,-1.95E-05
8.67E-08,0.0030544,-4.35E-05
8.43E-08,0.0065667,-8.88E-05
8.24E-08,0.0084763,-1.34E-04
8.31E-08,-0.0078847,-7.67E-05
8.49E-08,-0.004053,-2.32E-05
8.64E-08,6.46E-04,-1.43E-05
8.50E-08,0.0033233,-2.02E-05
8.47E-08,-0.003385,-5.04E-05
8.43E-08,-7.52E-04,-4.12E-05
8.69E-08,0.0033366,-2.49E-05
8.68E-08,0.0075172,-2.66E-05
8.84E-08,0.010525,-8.83E-05
8.76E-08,-0.010376,-6.71E-05
8.23E-08,-0.0069987,-1.82E-05
8.25E-08,-0.0017511,-2.01E-05
8.02E-08,0.0027339,-3.08E-05
8.07E-08,0.0056208,-6.08E-05
7.96E-08,-0.0065451,-1.83E-04
7.93E-08,-0.0045289,-2.20E-05
8.25E-08,-0.0015558,-2.59E-05
7.94E-08,0.0018772,-1.70E-05
7.92E-08,0.0062652,-3.63E-05
8.21E-08,0.010094,-6.01E-05
8.26E-08,0.012222,-2.01E-04
8.30E-08,-0.012272,-2.41E-04
8.40E-08,-0.0096882,-2.51E-05
8.21E-08,-0.0053408,-2.36E-05
8.15E-08,-1.68E-04,-1.88E-05
8.02E-08,0.005168,-1.89E-05
7.99E-08,0.0080691,5.26E-06
7.96E-08,-0.0080787,2.77E-05
8.03E-08,-0.0060954,2.19E-05
7.94E-08,-0.0025954,2.59E-05
7.70E-08,0.0012996,2.62E-05
7.60E-08,0.0045508,3.21E-05
7.70E-08,0.0067716,6.78E-05
7.64E-08,0.0075365,6.74E-04
7.63E-08,-0.0074032,1.85E-04
7.69E-08,-0.0061851,4.96E-05
7.65E-08,-0.0042794,4.15E-05
,,
7.65E-08,-0.0041925,4.12E-05
7.65E-08,-0.0040635,4.01E-05
7.65E-08,-0.003867,3.92E-05
7.65E-08,-0.0035723,3.67E-05
7.65E-08,-0.0031288,3.45E-05
7.66E-08,-0.0024681,3.19E-05
7.65E-08,-0.0015445,2.71E-05
7.65E-08,-4.72E-04,2.37E-05
7.64E-08,2.85E-04,-2.95E-05
7.70E-08,0.001719,-2.86E-05
7.75E-08,0.0025362,-3.72E-05
7.76E-08,0.0035288,-4.30E-05
7.78E-08,0.003731,-1.60E-04
7.79E-08,0.0039832,-9.04E-05
7.78E-08,-0.0039526,-1.62E-04
7.78E-08,-0.0039558,3.87E-06
7.79E-08,-0.0031659,-9.72E-06
7.82E-08,-0.0020418,-2.44E-06
7.82E-08,-0.0014422,1.82E-05
7.82E-08,0.0012574,6.90E-05
7.83E-08,0.0017739,1.36E-05
7.82E-08,0.0023591,7.15E-06
7.83E-08,0.0028897,3.70E-05
7.83E-08,-0.0027572,1.63E-04
7.84E-08,0.0029908,-3.30E-05
7.84E-08,0.0038927,-3.71E-05
7.84E-08,0.005185,-4.32E-05
7.81E-08,0.0070338,-4.60E-05
7.84E-08,0.0090681,-5.50E-05
7.83E-08,0.01044,-9.16E-05
7.84E-08,0.011071,-1.40E-04
7.85E-08,0.011711,-1.38E-04
7.85E-08,0.012135,-3.94E-04
7.85E-08,-0.012002,-1.49E-04
7.85E-08,-0.011254,-4.93E-05
7.88E-08,-0.0097239,-3.01E-05
7.90E-08,-0.0079071,-2.46E-05
7.93E-08,-0.0062015,-2.11E-05
7.90E-08,-0.0038245,-1.87E-05
7.88E-08,-0.001912,-1.50E-05
7.88E-08,-7.29E-04,-1.22E-05
7.89E-08,-2.26E-05,-1.26E-05
7.89E-08,1.87E-04,-4.08E-05
7.89E-08,-1.77E-05,4.82E-06
7.89E-08,9.02E-04,2.82E-06
7.89E-08,0.0021988,-7.05E-07
7.87E-08,0.0038155,-2.76E-06
7.88E-08,0.0055928,-6.49E-06
7.88E-08,0.0075351,-8.10E-06
7.88E-08,0.0092506,-6.11E-06
7.88E-08,0.010681,-4.52E-06
7.88E-08,0.011888,-5.83E-06
7.89E-08,0.013003,-9.32E-06
7.89E-08,0.014104,-9.52E-06
7.90E-08,0.0149,-7.68E-06
7.90E-08,0.015532,-1.02E-05
7.90E-08,0.016038,-1.02E-05
7.90E-08,0.016385,-1.54E-05
7.90E-08,0.016906,-2.47E-05
7.90E-08,0.01763,-2.81E-05
7.90E-08,0.018394,-2.90E-05
7.90E-08,0.018927,-2.76E-05
7.90E-08,0.019073,-2.31E-05
7.90E-08,0.019287,-2.30E-05
7.90E-08,0.019413,-1.59E-05
7.90E-08,0.019616,-1.93E-05
7.90E-08,0.019938,-1.35E-05
7.90E-08,0.020124,-1.60E-05
7.90E-08,0.020761,-2.13E-05
7.90E-08,0.021463,-1.95E-05
7.90E-08,0.022254,-1.96E-05
7.90E-08,0.023124,-1.92E-05
7.90E-08,0.024013,-1.77E-05
7.90E-08,0.02486,-1.70E-05
7.90E-08,0.025767,-1.64E-05
7.90E-08,0.026597,-1.30E-05
7.90E-08,0.027337,-1.00E-05
7.90E-08,0.028008,-8.99E-06
7.90E-08,0.02863,-9.05E-06
7.90E-08,0.029167,-6.54E-06
7.90E-08,0.02959,-3.07E-06
7.90E-08,0.029902,-1.80E-06
7.90E-08,0.029986,-3.35E-06
7.90E-08,0.029299,-5.27E-06
7.90E-08,0.028062,-5.76E-06
7.90E-08,0.026122,-6.43E-06
7.90E-08,0.025425,-6.23E-06
7.90E-08,0.024846,-6.08E-06
7.90E-08,0.024162,-4.59E-06
7.90E-08,0.023407,-3.14E-06
7.90E-08,0.022594,-1.82E-06
7.90E-08,0.02172,-1.14E-06
7.90E-08,0.020736,-8.64E-07
7.90E-08,0.019658,-1.38E-07
7.90E-08,0.01853,5.37E-07
7.90E-08,0.017314,7.28E-07
7.90E-08,0.015965,5.59E-07
7.90E-08,0.014423,4.69E-07
7.90E-08,0.012733,4.72E-07
7.90E-08,0.010763,3.41E-07
7.90E-08,0.0085131,1.07E-07
7.90E-08,0.0058441,-2.08E-07
7.90E-08,0.0026241,-2.05E-07
7.90E-08,-5.73E-04,-1.89E-07
7.90E-08,-0.0040793,8.56E-08
7.91E-08,-0.0080542,-2.83E-08
7.90E-08,-0.011949,-8.10E-08
7.90E-08,-0.016017,-7.24E-08
7.90E-08,-0.020597,8.13E-08
7.90E-08,-0.025254,-2.22E-07
7.91E-08,-0.030098,5.40E-07
7.89E-08,-0.034789,8.71E-07
7.88E-08,-0.039668,1.54E-06
7.87E-08,-0.044,1.45E-06
7.86E-08,-0.047859,2.05E-06
7.84E-08,-0.050913,3.68E-06
7.84E-08,-0.054178,5.86E-06
7.85E-08,-0.055961,5.42E-06
7.85E-08,-0.055657,5.56E-06
7.85E-08,-0.053417,6.27E-06
7.86E-08,-0.048933,7.62E-06
7.82E-08,-0.04263,9.03E-06
7.77E-08,-0.034797,9.72E-06
7.79E-08,-0.024163,1.03E-05
7.76E-08,-0.011855,9.78E-06
7.78E-08,-3.39E-05,9.95E-06
7.77E-08,0.01162,1.04E-05
7.78E-08,0.023186,1.11E-05
7.78E-08,0.03467,1.21E-05
7.76E-08,0.045897,1.30E-05
7.77E-08,0.057015,1.21E-05
7.77E-08,0.067953,1.15E-05
7.75E-08,0.078793,1.11E-05
7.76E-08,0.089764,1.28E-05
7.72E-08,0.1006,1.33E-05
7.70E-08,0.11118,1.37E-05
7.68E-08,0.12128,1.22E-05
7.66E-08,0.13042,1.05E-05
7.69E-08,0.13627,8.43E-06
7.69E-08,0.13524,6.71E-06
7.75E-08,0.12644,3.32E-06
7.63E-08,0.113,3.25E-06
7.63E-08,0.10098,3.57E-06
7.62E-08,0.089448,3.57E-06
7.62E-08,0.078108,3.69E-06
7.58E-08,0.066689,3.05E-06
7.56E-08,0.055403,3.32E-06
7.56E-08,0.04426,3.29E-06
7.54E-08,0.033211,3.41E-06
7.53E-08,0.022247,3.72E-06
7.51E-08,0.011384,3.25E-06
7.50E-08,5.95E-04,3.84E-06
7.50E-08,-0.010064,3.76E-06
7.49E-08,-0.020415,3.50E-06
7.50E-08,-0.030306,3.20E-06
7.50E-08,-0.03947,3.64E-06
7.54E-08,-0.043917,5.51E-06
7.53E-08,-0.041252,6.86E-06
7.46E-08,-0.031876,7.65E-06
7.33E-08,-0.018415,7.58E-06
7.29E-08,-0.0064954,7.14E-06
7.30E-08,0.0051028,8.22E-06
7.31E-08,0.016591,7.49E-06
7.32E-08,0.027873,6.88E-06
7.31E-08,0.038737,5.43E-06
7.30E-08,0.049463,5.94E-06
7.35E-08,0.060088,4.81E-06
7.42E-08,0.070496,4.92E-06
7.41E-08,0.080895,4.18E-06
7.40E-08,0.091088,5.59E-06
7.38E-08,0.10024,3.56E-06
7.41E-08,0.10436,3.26E-06
7.40E-08,0.1015,2.91E-06
7.45E-08,0.091826,2.82E-06
7.52E-08,0.078661,2.82E-06
7.47E-08,0.066946,2.81E-06
7.53E-08,0.055786,3.49E-06
7.49E-08,0.044799,3.56E-06
7.42E-08,0.033836,3.39E-06
7.44E-08,0.023158,1.60E-06
7.40E-08,0.012865,2.20E-06
7.27E-08,0.0031231,3.59E-06
7.36E-08,-0.0045897,2.96E-06
7.36E-08,-0.0069981,2.98E-06
7.38E-08,-0.0047465,1.88E-06
7.52E-08,0.002381,2.03E-06
7.51E-08,0.013941,4.09E-06
7.67E-08,0.026071,3.57E-06
7.63E-08,0.037345,3.18E-06
7.55E-08,0.047974,1.48E-06
7.48E-08,0.058323,-2.73E-07
7.40E-08,0.066991,-2.54E-06
7.39E-08,0.070325,-4.80E-06
7.39E-08,0.068243,-7.47E-06
7.36E-08,0.063228,-7.63E-06
7.30E-08,0.056837,-8.42E-06
7.21E-08,0.049423,-1.04E-05
7.21E-08,0.041083,-9.24E-06
7.24E-08,0.03169,-1.25E-05
7.38E-08,0.022162,-1.28E-05
7.49E-08,0.014709,-1.25E-05
7.49E-08,0.01021,-1.53E-05
7.52E-08,0.0080215,-1.30E-05
7.52E-08,0.0080756,-1.07E-05
7.48E-08,0.011114,-1.01E-05
7.40E-08,0.017313,-7.47E-06
7.57E-08,0.025224,-7.80E-06
7.52E-08,0.033324,-8.82E-06
7.64E-08,0.039858,-9.05E-06
7.59E-08,0.04537,-5.23E-06
7.60E-08,0.050625,-8.85E-06
7.63E-08,0.053349,-9.60E-06
7.62E-08,0.051711,-1.15E-05
7.51E-08,0.046682,-9.94E-06
7.59E-08,0.039227,-1.27E-05
7.67E-08,0.030043,-1.49E-05
7.72E-08,0.02114,-1.74E-05
7.63E-08,0.014065,-1.94E-05
7.63E-08,0.008689,-1.90E-05
7.71E-08,0.0052958,-1.90E-05
7.72E-08,0.0051193,-1.79E-05
7.74E-08,0.0084999,-1.75E-05
7.65E-08,0.013982,-1.81E-05
7.65E-08,0.020959,-1.78E-05
7.79E-08,0.028572,-1.83E-05
7.93E-08,0.034762,-1.78E-05
7.91E-08,0.037904,-1.80E-05
7.91E-08,0.038327,-1.69E-05
7.90E-08,0.037111,-1.69E-05
7.89E-08,0.034495,-1.96E-05
7.90E-08,0.031257,-1.70E-05
7.96E-08,0.028062,-1.81E-05
7.94E-08,0.024233,-2.07E-05
7.91E-08,0.019343,-1.92E-05
7.96E-08,0.015088,-1.83E-05
8.03E-08,0.012099,-1.89E-05
8.04E-08,0.010338,-1.51E-05
8.04E-08,0.010552,-1.36E-05
8.01E-08,0.01204,-1.42E-05
8.00E-08,0.014451,-1.24E-05
7.94E-08,0.017717,-1.13E-05
7.95E-08,0.020595,-8.14E-06
7.89E-08,0.023405,-7.37E-06
7.87E-08,0.025659,-4.12E-06
7.88E-08,0.026478,-4.09E-06
7.89E-08,0.026148,-4.22E-06
7.90E-08,0.025148,-4.58E-06
7.87E-08,0.023532,-3.56E-06
7.84E-08,0.02103,-4.11E-06
7.88E-08,0.017082,-2.11E-06
7.91E-08,0.012611,-9.96E-07
7.91E-08,0.0087571,-3.40E-06
7.98E-08,0.0054081,-2.89E-06
7.99E-08,0.0030728,-2.11E-06
7.98E-08,0.0021775,-4.44E-06
7.98E-08,0.0026077,-6.93E-06
8.00E-08,0.0042885,-6.68E-06
8.01E-08,0.0066227,-1.08E-05
7.99E-08,0.0092616,-1.05E-05
7.99E-08,0.012155,-9.43E-06
8.03E-08,0.015197,-8.52E-06
7.99E-08,0.018069,-8.64E-06
8.00E-08,0.01971,-8.06E-06
8.00E-08,0.020026,-1.02E-05
8.00E-08,0.019888,-8.93E-06
8.01E-08,0.018822,-1.03E-05
8.01E-08,0.016391,-1.32E-05
8.08E-08,0.012926,-1.28E-05
8.09E-08,0.0094594,-1.16E-05
8.02E-08,0.0061552,-1.10E-05
8.06E-08,0.0023659,-1.32E-05
8.09E-08,-0.0014158,-1.20E-05
8.09E-08,-0.0042849,-1.36E-05
8.08E-08,-0.0054284,-1.45E-05
8.08E-08,-0.0050223,-1.67E-05
8.12E-08,-0.0031054,-1.65E-05
8.14E-08,-6.28E-04,-1.65E-05
8.14E-08,0.0018914,-1.54E-05
8.19E-08,0.0045098,-1.44E-05
8.19E-08,0.0064943,-1.50E-05
8.19E-08,0.0077717,-1.30E-05
8.17E-08,0.0085386,-1.09E-05
8.18E-08,0.0091243,-8.42E-06
8.17E-08,0.0092261,-7.84E-06
8.16E-08,0.0086114,-7.76E-06
8.18E-08,0.006769,-8.12E-06
8.14E-08,0.0046027,-8.55E-06
8.15E-08,0.002887,-7.80E-06
8.14E-08,0.0012339,-6.39E-06
8.17E-08,-4.95E-04,-7.35E-06
8.18E-08,-0.0021771,-7.64E-06
8.19E-08,-0.004485,-8.71E-06
8.18E-08,-0.0073076,-1.06E-05
8.17E-08,-0.0094021,-1.25E-05
8.17E-08,-0.010424,-1.38E-05
8.17E-08,-0.010759,-1.46E-05
8.16E-08,-0.010018,-1.22E-05
8.18E-08,-0.0083304,-1.11E-05
8.18E-08,-0.005815,-1.11E-05
8.18E-08,-0.0032496,-9.11E-06
8.15E-08,-8.72E-04,-9.54E-06
8.12E-08,0.0015715,-9.77E-06
8.09E-08,0.0037945,-9.75E-06
8.07E-08,0.005414,-1.03E-05
8.06E-08,0.0061713,-9.40E-06
8.06E-08,0.0062069,-9.90E-06
8.06E-08,0.0052617,-1.03E-05
8.03E-08,0.0032674,-1.07E-05
8.03E-08,6.50E-04,-8.93E-06
8.03E-08,-0.0018591,-8.14E-06
8.03E-08,-0.0045025,-6.79E-06
8.05E-08,-0.0070732,-6.73E-06
8.09E-08,-0.0091584,-5.34E-06
8.07E-08,-0.010892,-6.48E-06
8.07E-08,-0.012011,-6.67E-06
8.08E-08,-0.012614,-8.38E-06
8.08E-08,-0.012571,-9.28E-06
8.07E-08,-0.012058,-8.76E-06
8.09E-08,-0.010933,-9.04E-06
8.09E-08,-0.0093889,-9.75E-06
8.07E-08,-0.0076004,-9.15E-06
8.08E-08,-0.0057459,-7.61E-06
8.10E-08,-0.0035562,-8.06E-06
8.11E-08,-0.0017677,-9.64E-06
8.11E-08,-0.0010444,-8.75E-06
8.11E-08,-8.84E-04,-9.77E-06
8.11E-08,-7.19E-04,-7.64E-06
8.10E-08,-0.0011776,-8.22E-06
8.11E-08,-0.0018984,-9.69E-06
8.10E-08,-0.0022278,-9.30E-06
8.11E-08,-0.0024457,-8.93E-06
8.11E-08,-0.0024981,-9.73E-06
8.11E-08,-0.0023655,-9.86E-06
8.11E-08,-0.0024371,-1.02E-05
8.11E-08,-0.002424,-8.39E-06
8.11E-08,-0.0024141,-7.53E-06
8.11E-08,-0.0026195,-8.32E-06
8.11E-08,-0.0029808,-1.03E-05
8.11E-08,-0.003064,-1.05E-05
8.11E-08,-0.0026847,-8.19E-06
8.11E-08,-0.0022553,-9.10E-06
8.11E-08,-0.0022308,-9.07E-06
8.11E-08,-0.0021472,-6.94E-06
8.11E-08,-0.0020476,-5.44E-06
8.11E-08,-0.0027196,-4.64E-06
8.11E-08,-0.0039019,-3.15E-06
8.12E-08,-0.0051508,-2.68E-06
8.12E-08,-0.0061336,-2.75E-06
8.11E-08,-0.0067564,-3.21E-06
8.11E-08,-0.0074378,-4.96E-06
8.12E-08,-0.0073374,-4.98E-06
8.12E-08,-0.0064032,-2.90E-06
8.11E-08,-0.0049426,-3.27E-06
8.13E-08,-0.0033423,-4.51E-06
8.13E-08,-0.0019608,-6.20E-06
8.14E-08,-8.48E-04,-7.32E-06
8.15E-08,1.73E-04,-5.65E-06
8.14E-08,8.27E-04,-4.16E-06
8.14E-08,9.17E-04,-4.06E-06
8.15E-08,1.47E-04,-4.99E-06
8.14E-08,-0.0014936,-5.48E-06
8.14E-08,-0.0031451,-6.96E-06
8.15E-08,-0.0045115,-6.53E-06
8.15E-08,-0.0057573,-6.49E-06
8.15E-08,-0.0070645,-6.50E-06
8.16E-08,-0.0077761,-7.72E-06
8.15E-08,-0.0071558,-8.67E-06
8.17E-08,-0.0056572,-9.42E-06
8.17E-08,-0.0045512,-9.08E-06
8.18E-08,-0.0034197,-8.84E-06
8.17E-08,-0.0022794,-1.08E-05
8.17E-08,-0.0013336,-1.11E-05
8.16E-08,-5.43E-04,-9.83E-06
8.16E-08,6.00E-05,-1.15E-05
8.16E-08,5.64E-04,-1.19E-05
8.17E-08,0.0015205,-1.20E-05
8.15E-08,0.002565,-1.12E-05
8.16E-08,0.0034408,-9.58E-06
8.15E-08,0.0042436,-7.94E-06
8.15E-08,0.0045059,-7.66E-06
8.15E-08,0.0039545,-6.77E-06
8.16E-08,0.0031076,-5.45E-06
8.16E-08,0.0024501,-5.31E-06
8.16E-08,0.0020111,-6.94E-06
8.16E-08,0.0015549,-4.74E-06
8.17E-08,0.0010922,-5.34E-06
8.16E-08,3.01E-04,-4.15E-06
8.14E-08,-0.0011626,-3.75E-06
8.15E-08,-0.0031212,-3.64E-06
8.15E-08,-0.0049593,-5.23E-06
8.16E-08,-0.0061701,-5.35E-06
8.17E-08,-0.0069577,-3.01E-06
8.17E-08,-0.0073096,-4.64E-06
8.17E-08,-0.007001,-4.26E-06
8.18E-08,-0.006703,-3.36E-06
8.18E-08,-0.0065401,-2.37E-06
8.18E-08,-0.0063757,-2.12E-06
8.18E-08,-0.0062797,-2.14E-06
8.17E-08,-0.0053815,-2.99E-06
8.17E-08,-0.0035578,-1.26E-06
8.15E-08,-0.0014228,-8.45E-07
8.14E-08,2.71E-04,8.81E-07
8.15E-08,0.0011061,1.24E-06
8.13E-08,0.0022067,2.78E-06
8.13E-08,0.0039502,9.56E-07
8.16E-08,0.0056366,2.45E-07
8.17E-08,0.0066534,9.59E-07
8.17E-08,0.0072929,2.12E-06
8.17E-08,0.0075162,1.35E-06
8.17E-08,0.0072406,8.29E-07
8.18E-08,0.0069488,-1.04E-07
8.16E-08,0.006227,-6.08E-07
8.14E-08,0.0048274,-2.90E-07
8.14E-08,0.0038243,-3.21E-07
8.13E-08,0.0029872,-4.35E-08
8.13E-08,0.0021803,1.77E-06
8.13E-08,0.0019044,1.38E-06
8.12E-08,0.00126,1.12E-06
8.13E-08,3.25E-04,1.62E-06
8.12E-08,-5.53E-04,2.01E-06
8.12E-08,-0.0023434,3.32E-06
8.11E-08,-0.003978,1.52E-06
8.11E-08,-0.0046401,2.89E-06
8.12E-08,-0.0043966,3.65E-06
8.15E-08,-0.002653,4.22E-06
8.17E-08,-3.23E-04,3.21E-06
8.19E-08,0.001179,3.49E-06
8.18E-08,0.0019666,5.64E-06
8.19E-08,0.0023737,5.97E-06
8.19E-08,0.0022831,3.81E-06
8.19E-08,0.0013818,4.19E-06
8.20E-08,5.72E-04,3.29E-06
8.20E-08,-2.62E-04,3.19E-06
8.19E-08,-7.07E-04,5.00E-06
8.19E-08,-6.11E-04,4.75E-06
8.20E-08,-1.70E-04,4.12E-06
8.22E-08,9.80E-04,3.67E-06
8.22E-08,0.0021218,2.86E-06
8.22E-08,0.0028363,3.32E-06
8.21E-08,0.0029294,4.02E-06
8.21E-08,0.0028232,2.25E-06
8.21E-08,0.0027404,5.03E-07
8.21E-08,0.0028222,1.15E-06
8.22E-08,0.0027923,-2.64E-07
8.22E-08,0.0024992,-1.95E-06
8.22E-08,0.0019262,-1.48E-06
8.22E-08,8.64E-04,-3.98E-06
8.21E-08,-4.25E-04,-3.46E-06
8.18E-08,-0.0017293,-3.55E-06
8.18E-08,-0.0028381,-2.03E-06
8.17E-08,-0.0039258,1.25E-08
8.18E-08,-0.0049616,1.86E-06
8.18E-08,-0.005546,-1.03E-06
8.18E-08,-0.0061103,-1.69E-06
8.18E-08,-0.0065083,-1.40E-06
8.18E-08,-0.0061482,-1.14E-06
8.20E-08,-0.0047811,-1.76E-07
8.21E-08,-0.002536,-1.74E-06
8.18E-08,-4.33E-04,-1.69E-06
8.17E-08,0.0013909,-8.56E-07
8.17E-08,0.0033335,1.52E-07
8.17E-08,0.004663,2.87E-07
8.16E-08,0.005632,5.03E-07
8.16E-08,0.0061635,1.10E-06
8.16E-08,0.0059066,2.84E-07
8.17E-08,0.0049685,-8.30E-07
8.17E-08,0.0039711,6.44E-07
8.15E-08,0.0027335,1.90E-06
8.16E-08,8.78E-04,1.47E-07
8.15E-08,-0.0017079,9.80E-07
8.13E-08,-0.0045006,-5.78E-07
8.11E-08,-0.0071937,-2.39E-06
8.14E-08,-0.0088232,-2.33E-06
8.13E-08,-0.0094781,-2.17E-06
8.13E-08,-0.0093746,-7.33E-07
8.14E-08,-0.0086435,9.00E-08
8.14E-08,-0.0075444,-6.43E-07
8.14E-08,-0.0061524,9.43E-07
8.13E-08,-0.0042593,7.35E-07
8.13E-08,-0.0024186,3.13E-07
8.12E-08,-7.72E-05,1.98E-06
8.11E-08,0.0032528,1.71E-07
8.13E-08,0.0062016,-4.22E-07
8.14E-08,0.0083049,9.80E-07
8.14E-08,0.0094273,-5.22E-07
8.13E-08,0.0099337,-1.92E-06
8.13E-08,0.010468,-3.58E-06
8.12E-08,0.010101,-2.25E-06
8.13E-08,0.0094924,-1.84E-06
8.13E-08,0.0091742,-1.30E-06
8.12E-08,0.0080984,-1.91E-06
8.11E-08,0.0060519,-1.94E-06
8.14E-08,0.003448,-1.82E-06
8.16E-08,6.83E-04,-2.85E-06
8.15E-08,-0.0015138,-2.10E-06
8.16E-08,-0.0032317,-1.27E-06
8.18E-08,-0.0047194,-3.03E-07
8.18E-08,-0.005403,3.59E-07
8.18E-08,-0.0054237,-7.45E-07
8.18E-08,-0.0057441,9.84E-07
8.18E-08,-0.0057297,-9.56E-07
8.17E-08,-0.0051396,-1.78E-06
8.19E-08,-0.0040698,-1.13E-06
8.19E-08,-0.0023433,-7.37E-07
8.18E-08,-0.0010266,-1.28E-06
8.18E-08,-0.0010163,-1.82E-06
8.18E-08,-0.0014164,-4.18E-08
8.19E-08,-0.0018741,1.83E-06
8.18E-08,-0.0021115,3.48E-07
8.18E-08,-0.0017754,-1.55E-06
8.18E-08,-0.0014076,-2.13E-08
8.18E-08,-0.0014301,-2.99E-07
8.18E-08,-0.0013955,9.31E-07
8.18E-08,-0.001113,3.68E-06
8.18E-08,-6.95E-04,4.38E-06
8.18E-08,-6.78E-05,3.95E-06
8.17E-08,6.31E-04,3.65E-06
8.18E-08,9.94E-04,2.76E-06
8.18E-08,7.97E-04,1.21E-06
8.17E-08,0.0012102,1.51E-06
8.17E-08,0.0026853,1.11E-06
8.19E-08,0.0043476,-7.34E-07
8.19E-08,0.0046918,-3.36E-06
8.19E-08,0.004465,-3.07E-06
8.19E-08,0.0042494,-3.18E-06
8.19E-08,0.0035408,-2.18E-06
8.19E-08,0.0027455,-8.17E-07
8.20E-08,0.0022274,8.08E-07
8.20E-08,0.0020571,9.89E-07
8.20E-08,0.0015568,6.02E-07
8.20E-08,7.34E-04,-2.11E-06
8.21E-08,-3.63E-04,-4.20E-06
8.21E-08,-0.0012675,-1.26E-06
8.21E-08,-0.0015206,-9.85E-07
8.21E-08,-9.93E-04,-1.94E-06
8.21E-08,-3.20E-05,-2.89E-06
8.21E-08,4.82E-04,-4.21E-06
8.21E-08,3.85E-04,-4.35E-06
8.21E-08,-7.82E-05,-3.26E-06
8.21E-08,-8.90E-04,-4.32E-06
8.20E-08,-0.0017845,-1.95E-06
8.19E-08,-0.0032242,-2.20E-06
8.20E-08,-0.0041487,-2.05E-06
8.20E-08,-0.0049331,2.59E-07
8.20E-08,-0.0059703,-8.00E-07
8.20E-08,-0.0064545,2.80E-07
8.20E-08,-0.0060262,1.38E-06
8.20E-08,-0.0046041,1.63E-06
8.21E-08,-0.0029285,3.83E-06
8.24E-08,-0.0011012,4.50E-06
8.25E-08,7.54E-04,4.44E-06
8.24E-08,0.0023208,3.84E-06
8.25E-08,0.003564,2.87E-06
8.24E-08,0.0040294,2.39E-06
8.24E-08,0.0042585,1.87E-06
8.24E-08,0.0042654,1.15E-06
8.24E-08,0.0035256,-1.64E-06
8.23E-08,0.0021904,-2.65E-06
8.24E-08,7.32E-04,-3.72E-06
8.20E-08,-0.0012267,-4.47E-06
8.23E-08,-0.003471,-4.66E-06
8.22E-08,-0.0053444,-4.85E-06
8.21E-08,-0.0066323,-4.44E-06
8.21E-08,-0.0068676,-7.08E-06
8.21E-08,-0.0061252,-6.63E-06
8.24E-08,-0.0045245,-7.14E-06
8.21E-08,-0.0019206,-6.77E-06
8.20E-08,0.0012089,-5.44E-06
8.19E-08,0.0043261,-7.02E-06
8.20E-08,0.0068207,-6.98E-06
8.20E-08,0.0087459,-3.82E-06
8.18E-08,0.010299,-4.86E-06
8.19E-08,0.010655,-7.77E-06
8.19E-08,0.01011,-8.66E-06
8.20E-08,0.0090165,-1.11E-05
8.21E-08,0.0071382,-9.54E-06
8.23E-08,0.0050862,-1.13E-05
8.22E-08,0.0032033,-8.59E-06
8.22E-08,0.0015631,-8.88E-06
8.21E-08,1.72E-04,-1.11E-05
8.23E-08,-0.0010867,-1.10E-05
8.23E-08,-0.0016894,-1.06E-05
8.23E-08,-0.0020899,-1.25E-05
8.24E-08,-0.0024506,-1.42E-05
8.24E-08,-0.0026575,-1.30E-05
8.24E-08,-0.0031429,-1.48E-05
8.23E-08,-0.0036843,-1.47E-05
8.23E-08,-0.0043149,-1.36E-05
8.23E-08,-0.0045669,-1.20E-05
8.23E-08,-0.004442,-1.21E-05
8.23E-08,-0.0043416,-1.06E-05
8.23E-08,-0.0043375,-1.17E-05
8.23E-08,-0.0043689,-1.05E-05
8.23E-08,-0.004233,-9.96E-06
8.23E-08,-0.0038814,-9.31E-06
8.23E-08,-0.002975,-9.76E-06
8.23E-08,-0.0019487,-1.04E-05
8.22E-08,-0.0013872,-1.07E-05
8.22E-08,-0.0013492,-9.90E-06
8.22E-08,-0.001599,-9.12E-06
8.22E-08,-0.0017465,-6.08E-06
8.22E-08,-0.0018092,-8.27E-06
8.22E-08,-0.0019878,-6.80E-06
8.22E-08,-0.0021473,-5.76E-06
8.22E-08,-0.0027028,-7.90E-06
8.22E-08,-0.003158,-8.73E-06
8.22E-08,-0.0033986,-1.02E-05
8.22E-08,-0.0034308,-1.11E-05
8.23E-08,-0.0031047,-1.26E-05
8.22E-08,-0.002496,-1.23E-05
8.22E-08,-0.001555,-1.22E-05
8.22E-08,-4.88E-04,-1.30E-05
8.22E-08,7.53E-04,-1.30E-05
8.23E-08,0.0020121,-1.27E-05
8.23E-08,0.0024948,-1.46E-05
8.23E-08,0.0025383,-1.33E-05
8.23E-08,0.0025446,-1.32E-05
8.22E-08,0.0023802,-1.39E-05
8.23E-08,0.0019928,-1.24E-05
8.23E-08,0.0021207,-1.12E-05
8.24E-08,0.0027991,-1.17E-05
8.24E-08,0.0031204,-1.06E-05
8.24E-08,0.0029316,-9.77E-06
8.23E-08,0.002283,-9.99E-06
8.23E-08,0.0015013,-9.27E-06
8.24E-08,4.91E-04,-8.24E-06
8.24E-08,-2.26E-04,-7.96E-06
8.24E-08,-5.51E-04,-7.06E-06
8.24E-08,-0.0010114,-5.61E-06
8.25E-08,-0.0013684,-5.48E-06
8.25E-08,-0.0016654,-6.12E-06
8.25E-08,-0.001832,-5.18E-06
8.25E-08,-0.0015556,-3.96E-06
8.25E-08,-9.09E-04,-2.57E-06
8.26E-08,-1.94E-04,-1.55E-06
8.26E-08,4.73E-04,-1.46E-06
8.26E-08,0.0011856,-8.23E-07
8.26E-08,0.001797,-7.03E-07
8.26E-08,0.0023016,-2.47E-06
8.26E-08,0.0022936,-4.25E-06
8.26E-08,0.0017335,-7.40E-06
8.26E-08,0.0014477,-8.96E-06
8.26E-08,0.0011559,-8.52E-06
8.26E-08,0.0010023,-9.48E-06
8.26E-08,0.0013282,-1.03E-05
8.27E-08,0.0016136,-1.08E-05
8.27E-08,0.0020453,-1.10E-05
8.26E-08,0.0025447,-8.26E-06
8.27E-08,0.0033011,-7.95E-06
8.26E-08,0.0040895,-6.39E-06
8.26E-08,0.0043721,-7.76E-06
8.26E-08,0.0039894,-7.06E-06
8.27E-08,0.0034188,-6.21E-06
8.26E-08,0.0028275,-4.48E-06
8.25E-08,0.0020065,-5.72E-06
8.25E-08,0.0016767,-4.93E-06
8.25E-08,0.0021215,-6.24E-06
8.25E-08,0.0023395,-5.26E-06
8.26E-08,0.0016722,-4.99E-06
8.27E-08,8.00E-04,-5.22E-06
8.27E-08,4.34E-04,-6.09E-06
8.27E-08,3.63E-04,-6.10E-06
8.27E-08,4.52E-04,-3.93E-06
8.27E-08,3.45E-04,-5.41E-06
8.27E-08,-1.37E-04,-7.76E-06
8.26E-08,-6.37E-04,-6.96E-06
8.26E-08,-0.0012123,-6.85E-06
8.25E-08,-0.0014517,-7.17E-06
8.25E-08,-0.0014959,-5.64E-06
8.25E-08,-0.0018353,-6.77E-06
8.25E-08,-0.0023715,-7.52E-06
8.26E-08,-0.0027698,-7.96E-06
8.26E-08,-0.0026964,-1.06E-05
8.26E-08,-0.0026638,-1.18E-05
8.26E-08,-0.0028467,-1.07E-05
8.25E-08,-0.0037495,-1.00E-05
8.27E-08,-0.0048073,-9.48E-06
8.26E-08,-0.0048373,-9.41E-06
8.27E-08,-0.0032438,-7.72E-06
8.25E-08,-0.0011911,-8.87E-06
8.24E-08,9.02E-04,-6.93E-06
8.25E-08,0.0032484,-6.14E-06
8.27E-08,0.005475,-5.05E-06
8.25E-08,0.0070283,-3.43E-06
8.25E-08,0.0078918,-3.02E-06
8.25E-08,0.0081657,-3.25E-06
8.25E-08,0.0080009,-2.23E-06
8.27E-08,0.0066941,-3.59E-06
8.23E-08,0.0046882,-3.39E-06
8.23E-08,0.0028828,-4.48E-06
8.23E-08,0.0011829,-5.02E-06
8.23E-08,-1.77E-04,-2.01E-06
8.23E-08,-9.59E-04,-3.08E-06
8.24E-08,-0.0016401,-7.46E-07
8.24E-08,-0.0024781,-1.72E-06
8.25E-08,-0.0031612,-1.38E-06
8.25E-08,-0.0038632,6.40E-07
8.25E-08,-0.0042483,1.51E-06
8.24E-08,-0.0038559,7.39E-07
8.24E-08,-0.0032197,3.09E-06
8.25E-08,-0.0027402,4.76E-06
8.25E-08,-0.0020792,7.11E-06
8.25E-08,-0.0010765,7.02E-06
8.24E-08,-2.45E-07,8.26E-06
8.24E-08,6.97E-04,9.81E-06
8.24E-08,8.31E-04,1.05E-05
8.24E-08,8.06E-04,1.03E-05
8.24E-08,9.72E-04,1.09E-05
8.24E-08,0.001479,9.72E-06
8.24E-08,0.0016872,1.11E-05
8.23E-08,0.0011655,1.01E-05
8.23E-08,2.95E-04,8.63E-06
8.23E-08,-9.70E-04,6.09E-06
8.24E-08,-0.0024097,6.12E-06
8.24E-08,-0.0035958,4.97E-06
8.23E-08,-0.004057,6.18E-06
8.23E-08,-0.0037203,8.30E-06
8.22E-08,-0.0026795,9.45E-06
8.22E-08,-0.0014891,6.96E-06
8.23E-08,-0.0010061,5.69E-06
8.23E-08,-0.0010296,4.66E-06
8.24E-08,-5.49E-04,3.42E-06
8.25E-08,8.62E-04,5.44E-06
8.25E-08,0.0024488,6.40E-06
8.27E-08,0.0038848,8.50E-06
8.25E-08,0.0053423,9.12E-06
8.24E-08,0.0060483,8.35E-06
8.24E-08,0.0059417,1.04E-05
8.24E-08,0.0051094,1.18E-05
8.27E-08,0.0035085,1.19E-05
8.26E-08,0.0022912,9.64E-06
8.25E-08,0.0012351,1.03E-05
8.26E-08,-1.87E-04,1.16E-05
8.27E-08,-0.0020285,1.14E-05
8.30E-08,-0.0039433,1.05E-05
8.30E-08,-0.0053761,1.06E-05
8.29E-08,-0.0065958,1.08E-05
8.29E-08,-0.0065208,9.85E-06
8.29E-08,-0.0048071,1.18E-05
8.29E-08,-0.0020598,1.44E-05
8.28E-08,6.82E-04,1.32E-05
8.31E-08,0.0030228,1.29E-05
8.32E-08,0.00522,1.16E-05
8.32E-08,0.0072451,8.82E-06
8.30E-08,0.009358,1.03E-05
8.29E-08,0.010686,1.27E-05
8.29E-08,0.010302,1.39E-05
8.27E-08,0.00883,1.31E-05
8.30E-08,0.0067741,1.29E-05
8.27E-08,0.0040618,1.34E-05
8.27E-08,0.0012003,1.47E-05
8.25E-08,-0.0015514,1.39E-05
8.25E-08,-0.0038243,1.31E-05
8.25E-08,-0.0051988,1.12E-05
8.24E-08,-0.0062092,1.29E-05
8.25E-08,-0.0073956,1.27E-05
8.23E-08,-0.0082858,1.29E-05
8.21E-08,-0.0092496,1.32E-05
8.22E-08,-0.010108,1.23E-05
8.22E-08,-0.0098056,1.04E-05
8.22E-08,-0.0083686,1.40E-05
8.19E-08,-0.0060327,1.51E-05
8.21E-08,-0.0030502,1.67E-05
8.18E-08,-5.26E-05,1.58E-05
8.19E-08,0.0029648,1.39E-05
8.20E-08,0.0054248,1.24E-05
8.20E-08,0.0069618,1.10E-05
8.19E-08,0.0078848,1.37E-05
8.19E-08,0.0077223,1.29E-05
8.20E-08,0.0067535,1.43E-05
8.20E-08,0.0053516,1.23E-05
8.21E-08,0.0031486,1.31E-05
8.17E-08,5.62E-04,1.29E-05
8.21E-08,-0.0017365,1.26E-05
8.21E-08,-0.0034233,1.29E-05
8.22E-08,-0.0043778,1.39E-05
8.22E-08,-0.0048079,1.32E-05
8.22E-08,-0.0047268,1.43E-05
8.22E-08,-0.0046334,1.42E-05
8.22E-08,-0.004833,1.56E-05
8.23E-08,-0.0045985,1.73E-05
8.24E-08,-0.0036178,1.77E-05
8.22E-08,-0.0021469,1.75E-05
8.20E-08,-4.93E-04,1.72E-05
8.21E-08,0.0011334,1.81E-05
8.19E-08,0.0026591,1.70E-05
8.19E-08,0.0036653,1.56E-05
8.19E-08,0.0044426,1.38E-05
8.19E-08,0.0048298,1.54E-05
8.19E-08,0.0043896,1.53E-05
8.19E-08,0.0032894,1.47E-05
8.17E-08,0.0013469,1.27E-05
8.17E-08,-0.0012278,1.44E-05
8.20E-08,-0.0041307,1.58E-05
8.15E-08,-0.0069947,1.56E-05
8.13E-08,-0.0091914,1.47E-05
8.13E-08,-0.010428,1.43E-05
8.13E-08,-0.01087,1.37E-05
8.14E-08,-0.010278,1.50E-05
8.15E-08,-0.0090263,1.37E-05
8.18E-08,-0.00686,1.33E-05
8.15E-08,-0.0039933,1.16E-05
8.15E-08,-0.0011217,1.15E-05
8.17E-08,0.0016809,1.10E-05
8.16E-08,0.0042782,1.13E-05
8.15E-08,0.0060863,1.01E-05
8.14E-08,0.0068075,1.09E-05
8.14E-08,0.0073357,9.96E-06
8.14E-08,0.0069831,8.16E-06
8.17E-08,0.0053416,7.21E-06
8.18E-08,0.0025021,6.64E-06
8.18E-08,-0.0011754,6.13E-06
8.22E-08,-0.0042053,6.92E-06
8.19E-08,-0.0063801,7.74E-06
8.19E-08,-0.0078227,8.88E-06
8.19E-08,-0.0084393,1.01E-05
8.19E-08,-0.0086281,8.93E-06
8.19E-08,-0.0080596,9.11E-06
8.19E-08,-0.0065565,7.31E-06
8.16E-08,-0.0046664,7.36E-06
8.14E-08,-0.0025611,7.50E-06
8.16E-08,-1.52E-04,7.92E-06
8.16E-08,0.0019898,6.23E-06
8.15E-08,0.0034172,6.26E-06
8.15E-08,0.0038023,8.24E-06
8.15E-08,0.0036666,8.08E-06
8.15E-08,0.0032691,6.96E-06
8.15E-08,0.0032125,4.48E-06
8.15E-08,0.0033652,2.61E-06
8.16E-08,0.0031684,1.95E-06
8.15E-08,0.0030365,2.13E-06
8.15E-08,0.0028135,3.69E-06
8.14E-08,0.0014864,4.90E-06
8.14E-08,-7.33E-04,3.34E-06
8.14E-08,-0.0020844,4.69E-07
8.13E-08,-0.0023956,4.06E-07
8.13E-08,-0.00229,2.51E-07
8.14E-08,-0.0021135,-1.79E-07
8.13E-08,-0.0014427,-2.09E-06
8.13E-08,-4.58E-04,-1.40E-06
8.14E-08,5.96E-04,-1.74E-06
8.15E-08,0.0021772,-4.00E-06
8.17E-08,0.0033587,-2.64E-06
8.17E-08,0.0028705,-2.51E-06
8.15E-08,0.0012642,-3.57E-06
8.16E-08,-5.09E-04,-4.08E-06
8.14E-08,-0.002103,-5.02E-06
8.14E-08,-0.0032714,-5.79E-06
8.14E-08,-0.00448,-4.28E-06
8.15E-08,-0.0055185,-2.74E-06
8.15E-08,-0.0054251,-1.26E-06
8.15E-08,-0.0048479,-6.35E-07
8.15E-08,-0.0038396,-8.92E-08
8.17E-08,-0.0023373,-1.54E-07
8.16E-08,6.82E-06,-1.93E-08
8.18E-08,0.0025824,1.49E-06
8.18E-08,0.0053077,2.74E-06
8.13E-08,0.0084827,2.58E-06
8.11E-08,0.011067,1.45E-06
8.10E-08,0.013137,7.85E-08
8.11E-08,0.014253,2.22E-07
8.11E-08,0.013744,-7.23E-07
8.11E-08,0.012194,-2.20E-06
8.17E-08,0.0091477,-2.63E-06
8.19E-08,0.0052789,-1.59E-06
8.17E-08,0.0014362,-2.23E-06
8.15E-08,-0.0023529,-3.80E-06
8.14E-08,-0.005387,-3.75E-06
8.12E-08,-0.0078638,-2.19E-06
8.11E-08,-0.0094633,-2.76E-06
8.11E-08,-0.0096521,-3.30E-06
8.11E-08,-0.0089009,-5.04E-06
8.12E-08,-0.007687,-5.47E-06
8.09E-08,-0.0060089,-5.64E-06
8.13E-08,-0.0034647,-6.23E-06
8.15E-08,-7.43E-04,-5.18E-06
8.18E-08,0.001436,-4.74E-06
8.16E-08,0.0032755,-3.75E-06
8.14E-08,0.0047924,-1.99E-06
8.14E-08,0.0061027,-3.99E-06
8.14E-08,0.0070019,-5.36E-06
8.14E-08,0.0069693,-5.21E-06
8.14E-08,0.0060302,-5.07E-06
8.13E-08,0.0049661,-5.09E-06
8.13E-08,0.0039165,-6.97E-06
8.13E-08,0.0028023,-8.10E-06
8.13E-08,0.0012798,-6.27E-06
8.13E-08,1.98E-04,-8.58E-06
8.12E-08,-7.42E-04,-7.12E-06
8.12E-08,-0.0020301,-7.75E-06
8.15E-08,-0.0033656,-8.74E-06
8.14E-08,-0.0047211,-9.71E-06
8.15E-08,-0.0057845,-1.02E-05
8.16E-08,-0.006354,-1.00E-05
8.16E-08,-0.0066039,-1.07E-05
8.16E-08,-0.0063405,-1.10E-05
8.17E-08,-0.0055546,-1.24E-05
8.20E-08,-0.0040341,-1.35E-05
8.19E-08,-0.0022363,-1.45E-05
8.23E-08,-3.31E-04,-1.56E-05
8.20E-08,0.0017707,-1.57E-05
8.19E-08,0.0038486,-1.43E-05
8.18E-08,0.005685,-1.19E-05
8.17E-08,0.0068496,-1.03E-05
8.17E-08,0.0070704,-9.26E-06
8.17E-08,0.006876,-9.00E-06
8.17E-08,0.0064789,-8.56E-06
8.17E-08,0.0055998,-9.35E-06
8.20E-08,0.004217,-1.00E-05
8.20E-08,0.0030369,-8.00E-06
8.22E-08,0.0016557,-7.80E-06
8.22E-08,2.80E-04,-6.09E-06
8.21E-08,-0.0010679,-3.93E-06
8.23E-08,-0.0023015,-2.52E-06
8.23E-08,-0.0029792,-4.49E-06
8.22E-08,-0.0029513,-5.29E-06
8.24E-08,-0.0019253,-6.08E-06
8.24E-08,-0.0013597,-4.13E-06
8.24E-08,-0.0011764,-2.73E-06
8.25E-08,-9.06E-04,-3.10E-06
8.25E-08,-0.0012026,-1.52E-06
8.24E-08,-0.0018003,-6.18E-07
8.23E-08,-0.0016005,2.37E-07
8.24E-08,-7.41E-04,5.76E-07
8.24E-08,8.53E-05,2.23E-07
8.25E-08,7.98E-04,1.31E-07
8.25E-08,5.55E-04,1.14E-06
8.25E-08,-6.54E-05,5.57E-07
8.25E-08,-7.86E-04,8.93E-07
8.23E-08,-0.0017858,1.49E-06
8.23E-08,-0.0027378,3.96E-06
8.23E-08,-0.0035672,2.75E-06
8.22E-08,-0.0034913,1.02E-06
8.22E-08,-0.0029449,1.84E-06
8.22E-08,-0.0023934,4.67E-06
8.22E-08,-0.0018703,5.35E-06
8.22E-08,-0.0016141,7.51E-06
8.22E-08,-0.0014431,5.32E-06
8.22E-08,-9.59E-04,5.02E-06
8.23E-08,1.12E-04,6.25E-06
8.23E-08,0.0019423,6.56E-06
8.24E-08,0.0037158,4.50E-06
8.23E-08,0.0051752,2.69E-06
8.23E-08,0.0065704,1.04E-06
8.23E-08,0.0073522,1.71E-06
8.23E-08,0.0073563,3.50E-08
8.23E-08,0.0068654,1.40E-06
8.25E-08,0.0058717,1.72E-06
8.26E-08,0.0045362,1.63E-06
8.25E-08,0.0033059,1.54E-06
8.26E-08,0.0024406,1.78E-06
8.25E-08,0.0012662,3.55E-06
8.27E-08,-5.06E-04,3.75E-06
8.28E-08,-0.0018917,5.30E-06
8.28E-08,-0.0030791,3.83E-06
8.29E-08,-0.0040757,4.76E-06
8.29E-08,-0.0043222,3.00E-06
8.28E-08,-0.0038848,1.82E-06
8.28E-08,-0.0026643,1.50E-06
8.27E-08,-0.0011092,1.57E-06
8.28E-08,6.62E-04,3.99E-06
8.26E-08,0.0021816,5.12E-06
8.24E-08,0.0033779,5.40E-06
8.25E-08,0.0040289,4.70E-06
8.25E-08,0.0039652,3.53E-06
8.24E-08,0.003626,2.84E-06
8.24E-08,0.0035972,3.25E-06
8.25E-08,0.0032858,5.86E-07
8.25E-08,0.0021403,1.72E-06
8.26E-08,0.0012256,4.78E-07
8.25E-08,5.15E-04,1.02E-06
8.26E-08,1.53E-05,3.10E-06
8.26E-08,-2.74E-04,3.74E-06
8.26E-08,-8.05E-04,4.94E-06
8.25E-08,-0.0015854,4.27E-06
8.25E-08,-0.0023992,3.88E-06
8.25E-08,-0.0029286,5.08E-06
8.25E-08,-0.0027075,7.47E-06
8.25E-08,-0.0014544,5.52E-06
8.24E-08,5.27E-04,6.28E-06
8.23E-08,0.0024054,7.88E-06
8.24E-08,0.0041533,7.14E-06
8.25E-08,0.005139,6.63E-06
8.24E-08,0.0048246,5.58E-06
8.25E-08,0.0034254,4.56E-06
8.22E-08,0.0012888,3.15E-06
8.21E-08,-0.0015135,2.73E-06
8.22E-08,-0.0044382,2.42E-06
8.23E-08,-0.0067739,1.06E-06
8.26E-08,-0.0089298,1.60E-06
8.27E-08,-0.01027,2.57E-06
8.27E-08,-0.010201,1.53E-06
8.28E-08,-0.0095065,1.64E-06
8.29E-08,-0.008378,5.37E-07
8.29E-08,-0.0067881,-4.79E-08
8.29E-08,-0.0052427,-2.20E-06
8.30E-08,-0.0036594,-1.20E-06
8.28E-08,-0.0021654,1.17E-07
8.29E-08,-0.0013647,-1.38E-07
8.29E-08,-0.0010745,-2.62E-06
8.28E-08,-3.79E-04,-2.30E-06
8.28E-08,8.34E-04,-1.08E-06
8.28E-08,0.0016769,-3.36E-06
8.29E-08,0.0020915,-6.11E-06
8.29E-08,0.0024234,-4.54E-06
8.29E-08,0.0027348,-3.94E-06
8.28E-08,0.0022369,-4.58E-06
8.31E-08,9.00E-04,-5.15E-06
8.31E-08,-2.03E-04,-4.17E-06
8.30E-08,-0.0015544,-5.05E-06
8.30E-08,-0.0031324,-4.87E-06
8.29E-08,-0.0046671,-6.38E-06
8.30E-08,-0.006056,-4.60E-06
8.30E-08,-0.0070666,-4.72E-06
8.30E-08,-0.0072413,-6.23E-06
8.30E-08,-0.0064113,-4.75E-06
8.32E-08,-0.0045927,-3.47E-06
8.31E-08,-0.0020937,-5.60E-06
8.26E-08,3.74E-04,-5.80E-06
8.25E-08,0.0028676,-7.39E-06
8.25E-08,0.0055718,-9.93E-06
8.24E-08,0.0081767,-8.62E-06
8.23E-08,0.0099994,-9.09E-06
8.24E-08,0.010833,-1.25E-05
8.24E-08,0.010926,-1.01E-05
8.24E-08,0.010353,-9.02E-06
8.24E-08,0.0094713,-1.04E-05
8.25E-08,0.008398,-1.08E-05
8.23E-08,0.006743,-1.18E-05
8.26E-08,0.0041589,-1.12E-05
8.28E-08,9.84E-04,-1.19E-05
8.29E-08,-0.0023036,-1.16E-05
8.33E-08,-0.0050234,-1.17E-05
8.34E-08,-0.0066549,-1.24E-05
8.34E-08,-0.007264,-1.24E-05
8.34E-08,-0.0077726,-1.21E-05
8.34E-08,-0.0073652,-1.47E-05
8.35E-08,-0.0052707,-1.28E-05
8.36E-08,-0.0022407,-1.15E-05
8.35E-08,0.001032,-1.14E-05
8.35E-08,0.0035126,-1.24E-05
8.36E-08,0.0051285,-1.37E-05
8.37E-08,0.0058378,-1.35E-05
8.37E-08,0.0061363,-1.49E-05
8.37E-08,0.0063438,-1.64E-05
8.37E-08,0.0062,-1.73E-05
8.37E-08,0.0056783,-1.70E-05
8.36E-08,0.0044923,-1.79E-05
8.34E-08,0.0028445,-1.67E-05
8.36E-08,0.0011155,-1.68E-05
8.37E-08,-0.0010952,-1.63E-05
8.39E-08,-0.0038314,-1.74E-05
8.35E-08,-0.0062811,-1.64E-05
8.34E-08,-0.0084061,-1.69E-05
8.33E-08,-0.0096179,-1.87E-05
8.33E-08,-0.0096403,-1.64E-05
8.32E-08,-0.0087427,-1.67E-05
8.30E-08,-0.0067109,-1.67E-05
8.33E-08,-0.0035563,-1.74E-05
8.32E-08,-2.30E-04,-1.79E-05
8.33E-08,0.0030918,-1.51E-05
8.36E-08,0.0062068,-1.59E-05
8.36E-08,0.0090058,-1.67E-05
8.34E-08,0.010627,-1.74E-05
8.34E-08,0.010685,-1.62E-05
8.34E-08,0.0097261,-1.33E-05
8.31E-08,0.007679,-1.21E-05
8.28E-08,0.0046327,-1.07E-05
8.27E-08,8.12E-04,-8.92E-06
8.34E-08,-0.0028878,-8.71E-06
8.33E-08,-0.0057194,-6.10E-06
8.35E-08,-0.0076298,-4.55E-06
8.36E-08,-0.0084654,-5.86E-06
8.36E-08,-0.0084603,-4.67E-06
8.35E-08,-0.0076224,-5.25E-06
8.38E-08,-0.0059931,-6.11E-06
8.37E-08,-0.0040387,-8.16E-06
8.37E-08,-0.0024998,-8.73E-06
8.36E-08,-0.0011684,-7.39E-06
8.36E-08,-2.36E-04,-6.45E-06
8.36E-08,-2.25E-04,-8.46E-06
8.35E-08,-7.89E-04,-8.73E-06
8.35E-08,-0.001024,-6.77E-06
8.34E-08,-5.66E-04,-7.52E-06
8.35E-08,4.21E-04,-6.49E-06
8.35E-08,9.51E-04,-4.41E-06
8.36E-08,0.0015159,-4.54E-06
8.36E-08,0.0023056,-5.99E-06
8.37E-08,0.0021545,-7.44E-06
8.38E-08,0.0012749,-6.95E-06
8.37E-08,5.07E-04,-7.09E-06
8.38E-08,-2.43E-04,-7.54E-06
8.38E-08,-8.87E-04,-6.39E-06
8.38E-08,-0.0016459,-5.65E-06
8.38E-08,-0.0023564,-6.38E-06
8.38E-08,-0.0027688,-8.05E-06
8.38E-08,-0.0025057,-8.92E-06
8.37E-08,-0.0018553,-8.08E-06
8.36E-08,-6.89E-04,-1.10E-05
8.36E-08,2.32E-04,-1.11E-05
8.37E-08,6.95E-04,-1.02E-05
8.37E-08,0.0012151,-1.13E-05
8.37E-08,0.0014429,-1.30E-05
8.37E-08,0.0017778,-1.30E-05
8.38E-08,0.0021896,-1.10E-05
8.39E-08,0.0028923,-1.18E-05
8.39E-08,0.0035637,-1.13E-05
8.38E-08,0.0042249,-1.21E-05
8.38E-08,0.0046514,-1.41E-05
8.38E-08,0.0043476,-1.41E-05
8.36E-08,0.0031124,-1.43E-05
8.36E-08,0.0012315,-1.31E-05
8.37E-08,-8.22E-04,-1.47E-05
8.34E-08,-0.0028761,-1.48E-05
8.34E-08,-0.0050353,-1.43E-05
8.33E-08,-0.0062741,-1.53E-05
8.33E-08,-0.0064818,-1.50E-05
8.33E-08,-0.0063841,-1.55E-05
8.33E-08,-0.0059507,-1.55E-05
8.34E-08,-0.004626,-1.51E-05
8.35E-08,-0.0024551,-1.54E-05
8.35E-08,-6.67E-04,-1.48E-05
8.34E-08,2.61E-04,-1.40E-05
8.35E-08,9.38E-04,-1.21E-05
8.35E-08,0.0018055,-1.20E-05
8.35E-08,0.0024735,-9.56E-06
8.34E-08,0.00287,-8.23E-06
8.34E-08,0.0032289,-6.96E-06
8.34E-08,0.0033085,-5.68E-06
8.34E-08,0.0032099,-5.25E-06
8.34E-08,0.0035438,-6.71E-06
8.35E-08,0.0042611,-8.12E-06
8.34E-08,0.0045697,-5.71E-06
8.34E-08,0.0042383,-5.65E-06
8.35E-08,0.0032218,-7.08E-06
8.35E-08,0.0023686,-4.70E-06
8.36E-08,0.001583,-5.72E-06
8.34E-08,2.77E-04,-5.91E-06
8.36E-08,-6.66E-04,-6.35E-06
8.36E-08,-4.72E-04,-5.02E-06
8.37E-08,8.70E-05,-3.28E-06
8.37E-08,2.70E-04,-4.24E-06
8.36E-08,-4.60E-05,-4.51E-06
8.37E-08,-4.47E-04,-5.82E-06
8.38E-08,-9.37E-04,-6.11E-06
8.38E-08,-0.0018502,-7.45E-06
8.39E-08,-0.0031258,-9.39E-06
8.40E-08,-0.0040483,-1.07E-05
8.39E-08,-0.0050183,-9.01E-06
8.39E-08,-0.0063537,-1.02E-05
8.41E-08,-0.0073246,-1.11E-05
8.41E-08,-0.0077885,-1.10E-05
8.41E-08,-0.0071182,-9.63E-06
8.41E-08,-0.0055788,-9.54E-06
8.42E-08,-0.0042607,-7.42E-06
8.43E-08,-0.0030827,-8.32E-06
8.45E-08,-0.0015933,-9.42E-06
8.45E-08,1.98E-04,-6.50E-06
8.43E-08,0.0024492,-4.73E-06
8.45E-08,0.0047188,-5.21E-06
8.44E-08,0.0058827,-3.91E-06
8.45E-08,0.0059869,-5.76E-06
8.44E-08,0.0054253,-3.54E-06
8.43E-08,0.0038951,-5.11E-06
8.43E-08,0.0022228,-3.17E-06
8.44E-08,5.43E-04,-3.45E-06
8.41E-08,-0.0014819,-4.35E-06
8.39E-08,-0.0034793,-4.86E-06
8.37E-08,-0.0047986,-4.29E-06
8.36E-08,-0.0053318,-3.75E-06
8.36E-08,-0.0056943,-2.31E-06
8.36E-08,-0.0056733,-3.28E-06
8.36E-08,-0.0047943,-1.30E-06
8.36E-08,-0.0036879,-2.79E-06
8.35E-08,-0.0025741,-1.86E-06
8.35E-08,-0.0010434,-8.45E-08
8.35E-08,0.0012222,-1.99E-06
8.32E-08,0.0041008,-4.42E-07
8.31E-08,0.0067553,-9.27E-07
8.32E-08,0.0086315,-1.94E-06
8.33E-08,0.0095518,-7.62E-07
8.34E-08,0.0095159,-1.57E-06
8.33E-08,0.0086168,-3.12E-06
8.32E-08,0.0067751,-4.58E-06
8.30E-08,0.0045343,-3.23E-06
8.30E-08,0.0024794,-5.95E-06
8.33E-08,4.88E-04,-4.14E-06
8.36E-08,-0.0017174,-4.79E-06
8.31E-08,-0.0041664,-4.95E-06
8.31E-08,-0.0064758,-3.84E-06
8.31E-08,-0.0082502,-2.43E-06
8.29E-08,-0.0090572,-2.95E-06
8.29E-08,-0.0089643,-1.76E-06
8.29E-08,-0.0089691,-2.72E-06
8.29E-08,-0.0084643,-5.97E-06
8.28E-08,-0.0070604,-5.77E-06
8.26E-08,-0.0051882,-6.59E-06
8.21E-08,-0.0025754,-6.43E-06
8.25E-08,-2.09E-04,-6.87E-06
8.27E-08,0.0016161,-6.34E-06
8.26E-08,0.0039058,-7.48E-06
8.26E-08,0.0063887,-8.39E-06
8.29E-08,0.0084855,-8.67E-06
8.31E-08,0.010095,-8.63E-06
8.32E-08,0.010579,-9.48E-06
8.33E-08,0.009897,-8.99E-06
8.32E-08,0.0081772,-9.47E-06
8.35E-08,0.0059944,-7.93E-06
8.34E-08,0.0039684,-8.31E-06
8.32E-08,0.0023113,-9.19E-06
8.33E-08,6.42E-04,-1.13E-05
8.34E-08,-0.0010668,-1.07E-05
8.37E-08,-0.0026243,-1.05E-05
8.39E-08,-0.004023,-1.04E-05
8.39E-08,-0.004625,-9.82E-06
8.39E-08,-0.004282,-9.86E-06
8.39E-08,-0.0031205,-9.23E-06
8.40E-08,-0.0020727,-7.37E-06
8.40E-08,-0.0012721,-8.42E-06
8.40E-08,-5.58E-04,-7.21E-06
8.40E-08,5.42E-04,-6.20E-06
8.41E-08,0.0018832,-6.16E-06
8.40E-08,0.0030906,-6.41E-06
8.41E-08,0.0041423,-6.19E-06
8.42E-08,0.0048879,-5.42E-06
8.41E-08,0.0047972,-5.10E-06
8.42E-08,0.0037096,-5.98E-06
8.40E-08,0.0024242,-5.32E-06
8.40E-08,0.0016924,-3.67E-06
8.40E-08,0.0012614,-6.09E-06
8.39E-08,1.55E-04,-6.20E-06
8.38E-08,-0.0012847,-6.70E-06
8.38E-08,-0.0030523,-7.74E-06
8.39E-08,-0.004893,-6.04E-06
8.37E-08,-0.0067404,-8.09E-06
8.39E-08,-0.0086758,-9.86E-06
8.38E-08,-0.010078,-9.30E-06
8.38E-08,-0.011077,-7.68E-06
8.38E-08,-0.011363,-6.77E-06
8.39E-08,-0.0095347,-7.98E-06
8.36E-08,-0.0063921,-8.78E-06
8.36E-08,-0.0030066,-1.16E-05
8.29E-08,0.0010372,-1.16E-05
8.28E-08,0.0060348,-1.16E-05
8.22E-08,0.01154,-1.25E-05
8.18E-08,0.015751,-1.33E-05
8.16E-08,0.017668,-1.32E-05
8.17E-08,0.017376,-1.41E-05
8.16E-08,0.015058,-1.35E-05
8.17E-08,0.011584,-1.19E-05
8.20E-08,0.007605,-1.26E-05
8.20E-08,0.0035201,-1.30E-05
8.20E-08,-3.75E-04,-1.05E-05
8.18E-08,-0.0039213,-1.00E-05
8.18E-08,-0.0063535,-9.33E-06
8.21E-08,-0.0077361,-8.00E-06
8.20E-08,-0.0085423,-5.40E-06
8.20E-08,-0.0085742,-6.12E-06
8.20E-08,-0.0076691,-4.69E-06
8.21E-08,-0.0057068,-6.31E-06
8.19E-08,-0.0025289,-7.15E-06
